{
  "ridge_alpha": 0.001,
  "feature_order": [
    "bias",
    "gaze_dir_x",
    "gaze_dir_y",
    "gaze_dir_z",
    "gaze_dir_x_sq",
    "gaze_dir_y_sq",
    "gaze_dir_z_sq",
    "gaze_dir_x_mul_gaze_dir_y",
    "gaze_dir_x_mul_gaze_dir_z",
    "gaze_dir_y_mul_gaze_dir_z"
  ],
  "weights": [
    [
      0.5577544125233937,
      0.5236932629241768
    ],
    [
      0.3630977567924439,
      -0.010499683398007019
    ],
    [
      0.04715561022477795,
      -0.36398135274835847
    ],
    [
      -0.00864036746078619,
      0.0007423668085981403
    ],
    [
      0.022180366826727416,
      -0.045690111523068115
    ],
    [
      -0.0005836830819783108,
      0.04399747780932107
    ],
    [
      -0.02154941735702669,
      0.001657806952869351
    ],
    [
      0.05363308151116777,
      -0.02999265374943358
    ],
    [
      0.32209242949359657,
      0.027643271423683113
    ],
    [
      -0.01188619644698386,
      -0.360520195302865
    ]
  ],
  "training_mse": 4.896026722170315e-06,
  "inverse_feature_order": [
    "bias",
    "norm_x",
    "norm_y",
    "norm_x_sq",
    "norm_y_sq",
    "norm_x_mul_norm_y"
  ],
  "inverse_output_order": [
    "gaze_dir_x",
    "gaze_dir_y"
  ],
  "inverse_weights": [
    [
      -0.6878494092631883,
      0.596990443423329
    ],
    [
      1.0202086792891158,
      0.12568992853117253
    ],
    [
      -0.012991545331761865,
      -1.004993126278286
    ],
    [
      0.30694222277502725,
      -0.06594621302425628
    ],
    [
      -0.05550236891223964,
      -0.3543870369297048
    ],
    [
      0.27847068196803454,
      -0.041007380465538604
    ]
  ],
  "inverse_training_mse": 5.85324584261561e-05,
  "inverse_predictions_by_dot": {
    "0": {
      "pred_gaze_dir_x": -0.2575433955384259,
      "pred_gaze_dir_y": 0.21036636627759991,
      "target_gaze_dir_x": -0.26818724,
      "target_gaze_dir_y": 0.22201523999999995
    },
    "1": {
      "pred_gaze_dir_x": -0.03055934731947224,
      "pred_gaze_dir_y": 0.22021083734043848,
      "target_gaze_dir_x": -0.016290839999999997,
      "target_gaze_dir_y": 0.22451524
    },
    "2": {
      "pred_gaze_dir_x": 0.21909584656969577,
      "pred_gaze_dir_y": 0.224057268096843,
      "target_gaze_dir_x": 0.21462580000000003,
      "target_gaze_dir_y": 0.22413728
    },
    "3": {
      "pred_gaze_dir_x": -0.25558041808249543,
      "pred_gaze_dir_y": -0.012139287664768171,
      "target_gaze_dir_x": -0.26224612,
      "target_gaze_dir_y": -0.025804199999999996
    },
    "4": {
      "pred_gaze_dir_x": -0.015315140456853026,
      "pred_gaze_dir_y": -0.004486468223687808,
      "target_gaze_dir_x": -0.0038872399999999997,
      "target_gaze_dir_y": -0.01159672
    },
    "5": {
      "pred_gaze_dir_x": 0.23888700365784654,
      "pred_gaze_dir_y": -0.0005378328643047352,
      "target_gaze_dir_x": 0.23580788000000003,
      "target_gaze_dir_y": -0.005801
    },
    "6": {
      "pred_gaze_dir_x": -0.25264983844344374,
      "pred_gaze_dir_y": -0.25398557697578344,
      "target_gaze_dir_x": -0.25239612,
      "target_gaze_dir_y": -0.25557652000000003
    },
    "7": {
      "pred_gaze_dir_x": -0.003128289908371291,
      "pred_gaze_dir_y": -0.2474416250587999,
      "target_gaze_dir_x": -0.00098348,
      "target_gaze_dir_y": -0.23789579999999996
    },
    "8": {
      "pred_gaze_dir_x": 0.2571646595215207,
      "pred_gaze_dir_y": -0.2446441209275368,
      "target_gaze_dir_x": 0.25392844,
      "target_gaze_dir_y": -0.24259396000000003
    }
  },
  "mean_gaze_by_dot": {
    "0": {
      "gaze_dir_x": -0.26818724,
      "gaze_dir_y": 0.22201523999999995,
      "gaze_dir_z": 0.9374218000000001,
      "num_samples": 25
    },
    "1": {
      "gaze_dir_x": -0.016290839999999997,
      "gaze_dir_y": 0.22451524,
      "gaze_dir_z": 0.97432996,
      "num_samples": 25
    },
    "2": {
      "gaze_dir_x": 0.21462580000000003,
      "gaze_dir_y": 0.22413728,
      "gaze_dir_z": 0.95062844,
      "num_samples": 25
    },
    "3": {
      "gaze_dir_x": -0.26224612,
      "gaze_dir_y": -0.025804199999999996,
      "gaze_dir_z": 0.96465416,
      "num_samples": 25
    },
    "4": {
      "gaze_dir_x": -0.0038872399999999997,
      "gaze_dir_y": -0.01159672,
      "gaze_dir_z": 0.99991356,
      "num_samples": 25
    },
    "5": {
      "gaze_dir_x": 0.23580788000000003,
      "gaze_dir_y": -0.005801,
      "gaze_dir_z": 0.9717777599999998,
      "num_samples": 25
    },
    "6": {
      "gaze_dir_x": -0.25239612,
      "gaze_dir_y": -0.25557652000000003,
      "gaze_dir_z": 0.93325988,
      "num_samples": 25
    },
    "7": {
      "gaze_dir_x": -0.00098348,
      "gaze_dir_y": -0.23789579999999996,
      "gaze_dir_z": 0.97128856,
      "num_samples": 25
    },
    "8": {
      "gaze_dir_x": 0.25392844,
      "gaze_dir_y": -0.24259396000000003,
      "gaze_dir_z": 0.9363046000000002,
      "num_samples": 25
    }
  },
  "targets_by_dot": {
    "0": {
      "norm_x": 0.359,
      "norm_y": 0.368
    },
    "1": {
      "norm_x": 0.522,
      "norm_y": 0.367
    },
    "2": {
      "norm_x": 0.689,
      "norm_y": 0.368
    },
    "3": {
      "norm_x": 0.356,
      "norm_y": 0.534
    },
    "4": {
      "norm_x": 0.523,
      "norm_y": 0.534
    },
    "5": {
      "norm_x": 0.688,
      "norm_y": 0.534
    },
    "6": {
      "norm_x": 0.356,
      "norm_y": 0.7
    },
    "7": {
      "norm_x": 0.524,
      "norm_y": 0.7
    },
    "8": {
      "norm_x": 0.688,
      "norm_y": 0.7
    }
  },
  "predictions_by_dot": {
    "0": {
      "pred_norm_x": 0.35873291611643016,
      "pred_norm_y": 0.36653890727926314,
      "target_norm_x": 0.359,
      "target_norm_y": 0.368
    },
    "1": {
      "pred_norm_x": 0.5256182703698702,
      "pred_norm_y": 0.367454148318886,
      "target_norm_x": 0.522,
      "target_norm_y": 0.367
    },
    "2": {
      "pred_norm_x": 0.6853221891873299,
      "pred_norm_y": 0.369548206706489,
      "target_norm_x": 0.689,
      "target_norm_y": 0.368
    },
    "3": {
      "pred_norm_x": 0.35363059761575866,
      "pred_norm_y": 0.5367629193685799,
      "target_norm_x": 0.356,
      "target_norm_y": 0.534
    },
    "4": {
      "pred_norm_x": 0.5244993623792648,
      "pred_norm_y": 0.5344318086736641,
      "target_norm_x": 0.523,
      "target_norm_y": 0.534
    },
    "5": {
      "pred_norm_x": 0.6893907892991011,
      "pred_norm_y": 0.5314845616271954,
      "target_norm_x": 0.688,
      "target_norm_y": 0.534
    },
    "6": {
      "pred_norm_x": 0.35902575952017196,
      "pred_norm_y": 0.6990133131740366,
      "target_norm_x": 0.356,
      "target_norm_y": 0.7
    },
    "7": {
      "pred_norm_x": 0.5198754991275395,
      "pred_norm_y": 0.6983385660514063,
      "target_norm_x": 0.524,
      "target_norm_y": 0.7
    },
    "8": {
      "pred_norm_x": 0.6889046163845318,
      "pred_norm_y": 0.7014275688004795,
      "target_norm_x": 0.688,
      "target_norm_y": 0.7
    }
  }
}