{
  "ridge_alpha": 0.001,
  "feature_order": [
    "bias",
    "gaze_dir_x",
    "gaze_dir_y",
    "gaze_dir_z",
    "gaze_dir_x_sq",
    "gaze_dir_y_sq",
    "gaze_dir_z_sq",
    "gaze_dir_x_mul_gaze_dir_y",
    "gaze_dir_x_mul_gaze_dir_z",
    "gaze_dir_y_mul_gaze_dir_z"
  ],
  "weights": [
    [
      0.4998998539704868,
      0.5059383713249689
    ],
    [
      0.37071976167895615,
      0.005635739014978677
    ],
    [
      0.040407906013959015,
      -0.383063684650473
    ],
    [
      0.012117642899435427,
      0.01248843194772724
    ],
    [
      -0.1007652532933191,
      -0.04305275445119796
    ],
    [
      0.0780782687759648,
      0.02345697833251489
    ],
    [
      0.022943904770397754,
      0.019420171872165323
    ],
    [
      -0.041677711678677336,
      0.04383950273147568
    ],
    [
      0.3039255844990039,
      0.004058916538506097
    ],
    [
      -0.015178560800938722,
      -0.3467831724042202
    ]
  ],
  "training_mse": 6.280017806188016e-06,
  "mean_gaze_by_dot": {
    "0": {
      "gaze_dir_x": -0.270406,
      "gaze_dir_y": 0.22279508,
      "gaze_dir_z": 0.93659356,
      "num_samples": 25
    },
    "1": {
      "gaze_dir_x": -0.028742320000000002,
      "gaze_dir_y": 0.23987492,
      "gaze_dir_z": 0.9703280000000001,
      "num_samples": 25
    },
    "2": {
      "gaze_dir_x": 0.22830696000000003,
      "gaze_dir_y": 0.23810099999999998,
      "gaze_dir_z": 0.94402212,
      "num_samples": 25
    },
    "3": {
      "gaze_dir_x": -0.26021160000000004,
      "gaze_dir_y": -0.00317028,
      "gaze_dir_z": 0.96554356,
      "num_samples": 25
    },
    "4": {
      "gaze_dir_x": -0.01739476,
      "gaze_dir_y": 0.0016865600000000004,
      "gaze_dir_z": 0.9998458000000001,
      "num_samples": 25
    },
    "5": {
      "gaze_dir_x": 0.24857607999999998,
      "gaze_dir_y": 0.00448092,
      "gaze_dir_z": 0.96860168,
      "num_samples": 25
    },
    "6": {
      "gaze_dir_x": -0.2450148,
      "gaze_dir_y": -0.23367308,
      "gaze_dir_z": 0.9409365599999999,
      "num_samples": 25
    },
    "7": {
      "gaze_dir_x": -0.018076560000000002,
      "gaze_dir_y": -0.22424840000000004,
      "gaze_dir_z": 0.9743630799999999,
      "num_samples": 25
    },
    "8": {
      "gaze_dir_x": 0.24555800000000005,
      "gaze_dir_y": -0.23508828,
      "gaze_dir_z": 0.9404433600000001,
      "num_samples": 25
    }
  },
  "targets_by_dot": {
    "0": {
      "norm_x": 0.359,
      "norm_y": 0.368
    },
    "1": {
      "norm_x": 0.522,
      "norm_y": 0.367
    },
    "2": {
      "norm_x": 0.689,
      "norm_y": 0.368
    },
    "3": {
      "norm_x": 0.356,
      "norm_y": 0.534
    },
    "4": {
      "norm_x": 0.523,
      "norm_y": 0.534
    },
    "5": {
      "norm_x": 0.688,
      "norm_y": 0.534
    },
    "6": {
      "norm_x": 0.356,
      "norm_y": 0.7
    },
    "7": {
      "norm_x": 0.524,
      "norm_y": 0.7
    },
    "8": {
      "norm_x": 0.688,
      "norm_y": 0.7
    }
  },
  "predictions_by_dot": {
    "0": {
      "pred_norm_x": 0.35901252799103117,
      "pred_norm_y": 0.3697864098498412,
      "target_norm_x": 0.359,
      "target_norm_y": 0.368
    },
    "1": {
      "pred_norm_x": 0.5249854411042303,
      "pred_norm_y": 0.3644740501298196,
      "target_norm_x": 0.522,
      "target_norm_y": 0.367
    },
    "2": {
      "pred_norm_x": 0.6850462492031182,
      "pred_norm_y": 0.36950969182162524,
      "target_norm_x": 0.689,
      "target_norm_y": 0.368
    },
    "3": {
      "pred_norm_x": 0.3532263594191898,
      "pred_norm_y": 0.5330123881235457,
      "target_norm_x": 0.356,
      "target_norm_y": 0.534
    },
    "4": {
      "pred_norm_x": 0.5232314893143456,
      "pred_norm_y": 0.53642534884944,
      "target_norm_x": 0.523,
      "target_norm_y": 0.534
    },
    "5": {
      "pred_norm_x": 0.6923353821037297,
      "pred_norm_y": 0.5328001371366091,
      "target_norm_x": 0.688,
      "target_norm_y": 0.534
    },
    "6": {
      "pred_norm_x": 0.36043863460615116,
      "pred_norm_y": 0.6995321240134146,
      "target_norm_x": 0.356,
      "target_norm_y": 0.7
    },
    "7": {
      "pred_norm_x": 0.519414554481459,
      "pred_norm_y": 0.6993870132634028,
      "target_norm_x": 0.524,
      "target_norm_y": 0.7
    },
    "8": {
      "pred_norm_x": 0.6873093617767442,
      "pred_norm_y": 0.7000728368123028,
      "target_norm_x": 0.688,
      "target_norm_y": 0.7
    }
  }
}