{
  "ridge_alpha": 0.001,
  "feature_order": [
    "bias",
    "gaze_dir_x",
    "gaze_dir_y",
    "gaze_dir_z",
    "gaze_dir_x_sq",
    "gaze_dir_y_sq",
    "gaze_dir_z_sq",
    "gaze_dir_x_mul_gaze_dir_y",
    "gaze_dir_x_mul_gaze_dir_z",
    "gaze_dir_y_mul_gaze_dir_z"
  ],
  "weights": [
    [
      0.4888946489078768,
      0.5567774562168295
    ],
    [
      0.31451888370211845,
      -0.010401511855959897
    ],
    [
      0.038301062285098525,
      -0.3531149348886409
    ],
    [
      0.016061133424916232,
      -0.020596108984672474
    ],
    [
      0.015044675862436423,
      -0.06308151798235102
    ],
    [
      -0.0388032750206198,
      0.10154103325423165
    ],
    [
      0.023956450932240036,
      -0.03853201108545156
    ],
    [
      -0.04892627717752004,
      -0.05340706792233406
    ],
    [
      0.39134841484405514,
      0.02732217180677878
    ],
    [
      -0.022422654622466048,
      -0.36881653610441917
    ]
  ],
  "training_mse": 1.1035777405363662e-05,
  "mean_gaze_by_dot": {
    "0": {
      "gaze_dir_x": -0.25652632000000003,
      "gaze_dir_y": 0.19321464,
      "gaze_dir_z": 0.9470214399999999,
      "num_samples": 25
    },
    "1": {
      "gaze_dir_x": -0.0059619600000000005,
      "gaze_dir_y": 0.18543284,
      "gaze_dir_z": 0.9826291200000001,
      "num_samples": 25
    },
    "2": {
      "gaze_dir_x": 0.23844888,
      "gaze_dir_y": 0.19280072,
      "gaze_dir_z": 0.95175332,
      "num_samples": 25
    },
    "3": {
      "gaze_dir_x": -0.23795479999999997,
      "gaze_dir_y": -0.06373628,
      "gaze_dir_z": 0.9691776400000001,
      "num_samples": 25
    },
    "4": {
      "gaze_dir_x": -0.00416916,
      "gaze_dir_y": -0.0473066,
      "gaze_dir_z": 0.9988669200000001,
      "num_samples": 25
    },
    "5": {
      "gaze_dir_x": 0.21929511999999998,
      "gaze_dir_y": -0.0444502,
      "gaze_dir_z": 0.9746446,
      "num_samples": 25
    },
    "6": {
      "gaze_dir_x": -0.23353444000000004,
      "gaze_dir_y": -0.2834546,
      "gaze_dir_z": 0.93002264,
      "num_samples": 25
    },
    "7": {
      "gaze_dir_x": 0.0008278,
      "gaze_dir_y": -0.26710984,
      "gaze_dir_z": 0.96366376,
      "num_samples": 25
    },
    "8": {
      "gaze_dir_x": 0.25255316,
      "gaze_dir_y": -0.26792908,
      "gaze_dir_z": 0.92974116,
      "num_samples": 25
    }
  },
  "targets_by_dot": {
    "0": {
      "norm_x": 0.359,
      "norm_y": 0.368
    },
    "1": {
      "norm_x": 0.522,
      "norm_y": 0.367
    },
    "2": {
      "norm_x": 0.689,
      "norm_y": 0.368
    },
    "3": {
      "norm_x": 0.356,
      "norm_y": 0.534
    },
    "4": {
      "norm_x": 0.523,
      "norm_y": 0.534
    },
    "5": {
      "norm_x": 0.688,
      "norm_y": 0.534
    },
    "6": {
      "norm_x": 0.356,
      "norm_y": 0.7
    },
    "7": {
      "norm_x": 0.524,
      "norm_y": 0.7
    },
    "8": {
      "norm_x": 0.688,
      "norm_y": 0.7
    }
  },
  "predictions_by_dot": {
    "0": {
      "pred_norm_x": 0.35509916332530617,
      "pred_norm_y": 0.365320062497699,
      "target_norm_x": 0.359,
      "target_norm_y": 0.368
    },
    "1": {
      "pred_norm_x": 0.5253773196644027,
      "pred_norm_y": 0.37010262894317897,
      "target_norm_x": 0.522,
      "target_norm_y": 0.367
    },
    "2": {
      "pred_norm_x": 0.6901261726839621,
      "pred_norm_y": 0.36796615610093597,
      "target_norm_x": 0.689,
      "target_norm_y": 0.368
    },
    "3": {
      "pred_norm_x": 0.36076505022960137,
      "pred_norm_y": 0.538116237232118,
      "target_norm_x": 0.356,
      "target_norm_y": 0.534
    },
    "4": {
      "pred_norm_x": 0.525050169386426,
      "pred_norm_y": 0.5320374917643851,
      "target_norm_x": 0.523,
      "target_norm_y": 0.534
    },
    "5": {
      "pred_norm_x": 0.6803154655857943,
      "pred_norm_y": 0.5330214079334868,
      "target_norm_x": 0.688,
      "target_norm_y": 0.534
    },
    "6": {
      "pred_norm_x": 0.35562243948168054,
      "pred_norm_y": 0.6992915166448168,
      "target_norm_x": 0.356,
      "target_norm_y": 0.7
    },
    "7": {
      "pred_norm_x": 0.5199752305722141,
      "pred_norm_y": 0.6976720823679905,
      "target_norm_x": 0.524,
      "target_norm_y": 0.7
    },
    "8": {
      "pred_norm_x": 0.692668989070611,
      "pred_norm_y": 0.7014724165153894,
      "target_norm_x": 0.688,
      "target_norm_y": 0.7
    }
  }
}